{
    "format_version": "1.12.0",
    "minecraft:entity": {
        "description": {
            "identifier": "your_namespace:spore",
            "name": "Spore",
            "summon_type": "spore"
        },
        "components": {
            "minecraft:type": {
                "value": "spore"
            },
            "minecraft:health": {
                "value": 10
            },
            "minecraft:width": {
                "value": 0.5
            },
            "minecraft:height": {
                "value": 0.5
            }
        }
    }
}