{
    "format_version": "1.12.0",
    "component": {
        "id": "spore_component",
        "description": {
            "identifier": "your_namespace:spore_component",
            "is_extends": "minecraft:movement",
            "components": [
                "minecraft:random_movement",
                "minecraft:size"
            ]
        },
        "conditions": [
            {
                "condition": "minecraft:on_ground",
                "negate": true
            }
        ],
        "execute_on": [
            "minecraft:tick"
        ],
        "on_tick": {
            "minecraft:then": [
                {
                    "execute": {
                        "position": {
                            "x": {
                                "randomize": 1
                            },
                            "y": 0,
                            "z": {
                                "randomize": 1
                            }
                        },
                        "must_find_valid_block": true
                    },
                    "component": {
                        "minecraft:move_to": {
                            "target": "^",
                            "speed": 0.5
                        }
                    }
                }
            ]
        }
    }
}