{
    "format_version": "1.12.0",
    "function": {
        "id": "spore_function",
        "description": {
            "identifier": "your_namespace:spore_function",
            "event": "your_namespace:spore_touch",
            "parameters": {
                "entity": "^self$",
                "spawned_entity": "^target$"
            },
            "effects": [
                {
                    "execute": {
                        "entity": "^target$",
                        "effect": {
                            "name": "minecraft:instant_damage",
                            "amplifier": 1,
                            "duration": 1
                        }
                    }
                }
            ]
        }
    }
}